/*
MySQL Data Transfer
Source Host: localhost
Source Database: chnews
Target Host: localhost
Target Database: chnews
Date: 2010/8/12 13:31:45
*/

SET FOREIGN_KEY_CHECKS=0;
-- ----------------------------
-- Table structure for comments
-- ----------------------------
CREATE TABLE `comments` (
  `id` bigint(20) NOT NULL auto_increment,
  `newsId` bigint(20) NOT NULL default '0',
  `author` varchar(20) collate utf8_unicode_ci default NULL,
  `content` varchar(200) collate utf8_unicode_ci default NULL,
  `flag` varchar(10) collate utf8_unicode_ci NOT NULL default 'false',
  `time` varchar(20) collate utf8_unicode_ci default NULL,
  PRIMARY KEY  (`id`),
  KEY `newsId` (`newsId`),
  CONSTRAINT `newsId` FOREIGN KEY (`newsId`) REFERENCES `news` (`id`) ON DELETE CASCADE ON UPDATE CASCADE
) ENGINE=InnoDB AUTO_INCREMENT=31 DEFAULT CHARSET=utf8 COLLATE=utf8_unicode_ci;

-- ----------------------------
-- Table structure for items
-- ----------------------------
CREATE TABLE `items` (
  `id` int(11) NOT NULL auto_increment,
  `title` varchar(20) collate utf8_unicode_ci NOT NULL,
  PRIMARY KEY  (`id`)
) ENGINE=InnoDB AUTO_INCREMENT=11 DEFAULT CHARSET=utf8 COLLATE=utf8_unicode_ci;

-- ----------------------------
-- Table structure for news
-- ----------------------------
CREATE TABLE `news` (
  `id` bigint(20) NOT NULL auto_increment,
  `title` varchar(100) collate utf8_unicode_ci NOT NULL,
  `sub_title` varchar(100) collate utf8_unicode_ci default NULL,
  `sub2_title` varchar(100) collate utf8_unicode_ci default NULL,
  `caption` longtext collate utf8_unicode_ci,
  `kindid` int(11) NOT NULL default '0',
  `newsType` int(11) NOT NULL default '0',
  `time` varchar(100) collate utf8_unicode_ci NOT NULL default '0000-00-00',
  `author` varchar(30) collate utf8_unicode_ci NOT NULL default '',
  `visitnum` int(6) NOT NULL default '0',
  `news_from` varchar(30) collate utf8_unicode_ci default '',
  `kindName` varchar(40) collate utf8_unicode_ci NOT NULL,
  `typeName` varchar(40) collate utf8_unicode_ci NOT NULL,
  `url` varchar(200) collate utf8_unicode_ci default NULL,
  `ordernum` int(30) NOT NULL default '20' COMMENT '显示的顺序号',
  PRIMARY KEY  (`id`)
) ENGINE=InnoDB AUTO_INCREMENT=57 DEFAULT CHARSET=utf8 COLLATE=utf8_unicode_ci;

-- ----------------------------
-- Table structure for users
-- ----------------------------
CREATE TABLE `users` (
  `id` int(11) NOT NULL auto_increment,
  `loginName` varchar(20) collate utf8_unicode_ci NOT NULL,
  `passwords` varchar(32) collate utf8_unicode_ci NOT NULL,
  `des` varchar(100) collate utf8_unicode_ci NOT NULL,
  PRIMARY KEY  (`id`)
) ENGINE=InnoDB AUTO_INCREMENT=14 DEFAULT CHARSET=utf8 COLLATE=utf8_unicode_ci;

-- ----------------------------
-- Table structure for visit_num
-- ----------------------------
CREATE TABLE `visit_num` (
  `id` int(11) NOT NULL default '0',
  `nums` bigint(20) NOT NULL default '0',
  PRIMARY KEY  (`id`)
) ENGINE=InnoDB DEFAULT CHARSET=utf8 COLLATE=utf8_unicode_ci;

-- ----------------------------
-- Records 
-- ----------------------------
INSERT INTO `comments` VALUES ('1', '26', '11', '111', 'false', null);
INSERT INTO `comments` VALUES ('2', '26', '22', '222', 'false', null);
INSERT INTO `comments` VALUES ('3', '27', '111', '1111', 'false', null);
INSERT INTO `comments` VALUES ('9', '44', '游客', '11111111', 'true', '2010-08-08  20：12:06');
INSERT INTO `comments` VALUES ('10', '44', '游客', '11111111', 'true', '2010-08-08  20：12:16');
INSERT INTO `comments` VALUES ('11', '44', '游客', '11111111', 'true', '2010-08-08  20：12:24');
INSERT INTO `comments` VALUES ('12', '44', '游客', '11111111', 'true', '2010-08-08  20：12:54');
INSERT INTO `comments` VALUES ('13', '44', '游客', '11111111', 'false', '2010-08-08  20：14:09');
INSERT INTO `comments` VALUES ('14', '44', '游客', '11111111', 'false', '2010-08-08  20：14:27');
INSERT INTO `comments` VALUES ('15', '44', '游客', '11111111', 'false', '2010-08-08  20：15:03');
INSERT INTO `comments` VALUES ('16', '44', '游客', '11111111', 'false', '2010-08-08  20：15:16');
INSERT INTO `comments` VALUES ('17', '44', '游客', '11111111', 'false', '2010-08-08  20：15:31');
INSERT INTO `comments` VALUES ('18', '44', '游客', '11111111', 'false', '2010-08-08  20：16:33');
INSERT INTO `comments` VALUES ('19', '44', '游客', '11111111', 'false', '2010-08-08  20：16:58');
INSERT INTO `comments` VALUES ('20', '43', '游客', '文明发言，营造网络文明fffff', 'true', '2010-08-08  21：28:35');
INSERT INTO `comments` VALUES ('21', '43', '游客', '文明发言，营造网络文明fffff', 'false', '2010-08-08  21：29:22');
INSERT INTO `comments` VALUES ('22', '43', '游客', '文明发言，营造网络文明fffff', 'false', '2010-08-08  21：30:03');
INSERT INTO `comments` VALUES ('23', '43', '游客', '文明发言，营造网络文明fffff', 'false', '2010-08-08  21：30:16');
INSERT INTO `comments` VALUES ('24', '43', '游客', '文明发言，营造网络文明fffff', 'false', '2010-08-08  21：30:38');
INSERT INTO `comments` VALUES ('25', '43', '游客', '文明发言，营造网络文明fffff', 'false', '2010-08-08  21：30:48');
INSERT INTO `comments` VALUES ('26', '43', '游客', '文明发言，营造网络文明fffff', 'false', '2010-08-08  21：30:57');
INSERT INTO `comments` VALUES ('27', '43', '游客', '文明发言，营造网络文明fffff', 'false', '2010-08-08  21：31:06');
INSERT INTO `comments` VALUES ('28', '43', '游客', '文明发言，营造网络文明fffff', 'false', '2010-08-08  21：31:56');
INSERT INTO `comments` VALUES ('29', '44', '游客', '文明发言，营造网络文明', 'false', '2010-08-09  13：22:03');
INSERT INTO `comments` VALUES ('30', '44', '游客', '文明发言，营造网络文明', 'false', '2010-08-09  14：31:44');
INSERT INTO `items` VALUES ('1', '学校要闻');
INSERT INTO `items` VALUES ('2', '校园动态');
INSERT INTO `items` VALUES ('3', '磁湖言论');
INSERT INTO `items` VALUES ('4', '时政新闻');
INSERT INTO `items` VALUES ('5', '媒体湖师');
INSERT INTO `items` VALUES ('6', '图片新闻');
INSERT INTO `items` VALUES ('7', '磁湖群英');
INSERT INTO `items` VALUES ('8', '美丽校园');
INSERT INTO `items` VALUES ('9', '教育论坛');
INSERT INTO `items` VALUES ('10', '综合新闻');
INSERT INTO `news` VALUES ('26', '26', '1', '1', '<p>&nbsp;1</p>', '1', '0', '2010-08-23', '3', '10', '1', '学校要闻', '一般新闻', null, '20');
INSERT INTO `news` VALUES ('27', '27', '2', '2', '<p>&nbsp;2</p>', '1', '0', '2010-08-08', '3', '4', '2', '学校要闻', '一般新闻', null, '20');
INSERT INTO `news` VALUES ('30', 'aaa', 'aaa', 'aaa', '<p>aaaaaaa</p>', '3', '0', '2010-08-09', 'aa', '82', 'aaa', '磁湖言论', '一般新闻', null, '20');
INSERT INTO `news` VALUES ('31', 'bbbb', 'bbb', 'bbbb', '<p>bbbbbbbbbbbbbbbbbbbbbbbbbbbbbb</p>', '4', '0', '2010-08-09', 'ym', '1', 'bbb', '时政新闻', '一般新闻', null, '20');
INSERT INTO `news` VALUES ('34', 'eee', 'eee', 'eee', '<p>eeeeeeeeeeeeeeeeeeeeeeeeeeeeeeee</p>', '7', '0', '2010-08-16', 'ee', '2', 'eee', '磁湖群英', '一般新闻', null, '20');
INSERT INTO `news` VALUES ('35', 'eee', 'eee', 'eee', '<p>eeeeeeeeeeeeeeeeeeeeeeeeeeeeeeee</p>', '7', '0', '2010-08-16', 'ee', '33', 'eee', '磁湖群英', '一般新闻', null, '20');
INSERT INTO `news` VALUES ('36', '36', 'ggg', 'gggg', '<p><img style=\"width: 200px; height: 200px\" alt=\"\" src=\"/chnews/userfiles//image/44bff2eb-280d-4bc1-ab52-34d65ffec2c8.jpg\" /></p>', '6', '1', '2010-08-16', 'ggg', '6', 'ggg', '图片新闻', '图片新闻', '\"/chnews/userfiles//image/23.jpg\"', '20');
INSERT INTO `news` VALUES ('38', '4444', '44444', '444', '<p>&nbsp;</p>\r\n<p><img width=\"500\" height=\"332\" alt=\"\" src=\"/chnews/userfiles//image/23(1).jpg\" />&nbsp;</p>', '6', '1', '2010-08-16', '444', '0', '44444', '图片新闻', '图片新闻', '\"/chnews/userfiles//image/23(1).jpg\"', '20');
INSERT INTO `news` VALUES ('39', '22', '222', '2222', '<p><img width=\"320\" height=\"240\" alt=\"\" src=\"/chnews/userfiles//image/2010-07-30-0.bmp\" /></p>\r\n<p>&nbsp;</p>', '8', '1', '2010-8-7', '22', '7', '222', '美丽校园', '图片新闻', '\"/chnews/userfiles//image/2010-07-30-0.bmp\"', '20');
INSERT INTO `news` VALUES ('40', '33333', '3333333', '333', '<p>&nbsp;333333333333333333</p>', '10', '0', '2010-08-10', '333', '14', '333', '综合新闻', '一般新闻', null, '20');
INSERT INTO `news` VALUES ('41', '111', '11111', '1111', '<p>&nbsp;1111111111</p>', '10', '0', '2010-08-27', '111', '8', '11111', '综合新闻', '一般新闻', null, '20');
INSERT INTO `news` VALUES ('42', '用汗水编织美丽的后勤人', '后勤人', '后勤人', '<p>&nbsp;</p>\r\n<div style=\"line-height: 24px; text-indent: 24pt; margin: 7.8pt 0cm\"><span style=\"line-height: 24px; font-size: 12pt\">8<span style=\"line-height: 24px; font-size: 12pt\">月的校园里只有稀稀落落的几个人，赤日炎炎似火烧，高温不仅烘烤着人们的身体，也&ldquo;烤验&rdquo;着人们的意志和品质。记者亲眼看到，我校后勤集团员工们，顽强地坚守在自己的岗位上，忙碌在校园的各个角落，他们用自己的劳动和汗水，打造校园新颜。</span></span></div>\r\n<div style=\"line-height: 24px; text-indent: 24.1pt; margin: 7.8pt 0cm\"><b><span style=\"line-height: 24px; font-size: 12pt\">镜头一：学舍17栋楼顶 &ldquo;当天的活做不完我们不休息&rdquo;<span>&nbsp;&nbsp;&nbsp;&nbsp;&nbsp;</span></span></b></div>\r\n<div style=\"line-height: 24px; text-indent: 24pt; margin: 7.8pt 0cm\"><span style=\"line-height: 24px; font-size: 12pt\">38</span><span style=\"line-height: 24px; font-size: 12pt\">度高温，没有一丝凉风，学舍17栋顶楼天台，水泥地面被太阳晒得发烫。后勤集团维修工李师傅却光着膀子在这里忙得热火朝天，他要用电钻拆除天台上导致漏水的水泥块。李师傅全身几乎被汗水浸透了，豆大的汗珠还从脸上、额头往下滴。趁着喝水的间隙，李师傅告诉记者，近段时间他每天都要进行房顶漏水检修工作，由于家住阳新，他每天早上五点半就要起来往学校赶，一忙活就是一整天。&ldquo;最怕的就是下雨，我们做的屋面防水总不能还没起作用就被雨水冲掉呀&rdquo;李师傅说道，&ldquo;我们要赶在开学前完成全部的工作。每天是按照计划完成工作量的，不完成就不休息，这段时间都习惯了跟太阳一起工作的日子喽&rdquo;。</span></div>\r\n<div style=\"line-height: 24px; text-indent: 24pt; margin: 7.8pt 0cm\"><span style=\"line-height: 24px; font-size: 12pt\">记者从后勤集团宿舍管理中心了解到，此次我校学生宿舍维修改造工作任务量特大，光是要进行屋面防水维修的宿舍楼就有11幢，还有的楼栋则在进行为期半个月的供水管道更换工作。此外，研究生宿舍床位安排相关的所有工作均已完成，新生宿舍的门锁也已经全部更换完毕，而老生宿舍的维修工作将在学生返校后着手展开。</span></div>\r\n<div style=\"line-height: 24px; text-indent: 24.1pt; margin: 7.8pt 0cm\"><b><span style=\"line-height: 24px; font-size: 12pt\">镜头二：湖师大道<span>&nbsp;&nbsp;</span>校园美容进行中</span></b></div>\r\n<div style=\"line-height: 24px; text-indent: 24pt; margin: 7.8pt 0cm\"><span style=\"line-height: 24px; font-size: 12pt\">早上六点，&ldquo;唰唰唰&rdquo;的扫地声奏响了校园里的清晨序曲。后勤集团环卫工人李女士早早地就拖着装垃圾的小车子在湖师大道上忙开了。笔者见到李女士的时候，她正在往垃圾篓里装杂物，她要负责湖师大道三岔路口到琼林苑开水房这一个路段的环卫工作。据李女士介绍，高温期间，后勤集团为环卫工人提供解渴的凉水，并且允许环卫工人们自行调整上班时间。&ldquo;每天五点，天刚亮我就开始上班，到八点多就可以做完所有的事情下班了，这样就跟高温错开了，而且一大早就把校园打扫得干干净净的，让人看着就心里舒服。&rdquo;在学舍3栋的门口，胡师傅等三位临时工正在清理垃圾和化粪池，隔着老远被能闻到垃圾散发出的酸臭味。&ldquo;垃圾存放久了就有点难闻，呵呵，我们这些做清洁的早就习惯了&rdquo;。胡师傅告诉笔者，自己是个退休工人，家里经济状况不太乐观，就出来赚点外快，补贴家用。</span></div>\r\n<div style=\"line-height: 24px; text-indent: 24pt; margin: 7.8pt 0cm\"><span style=\"line-height: 24px; font-size: 12pt\">一件件黄马甲、一顶顶太阳帽，一把把扫帚、一个个簸箕&hellip;&hellip;这些校园&ldquo;美容师&rdquo;忙碌在校园的各个角落，用汗水和勤劳装扮了美丽的校园，同时也扮靓了他们的心灵，这种美，无与伦比。</span></div>\r\n<div style=\"line-height: 24px; text-indent: 24.1pt; margin: 7.8pt 0cm\"><b><span style=\"line-height: 24px; font-size: 12pt\">镜头三：琼林苑食堂<span>&nbsp;&nbsp;</span>高温下的高品质服务</span></b></div>\r\n<div style=\"line-height: 24px; text-indent: 24pt; margin: 7.8pt 0cm\"><span style=\"line-height: 24px; font-size: 12pt\">&ldquo;请问您需要点什么&rdquo;，&ldquo;好的，请稍等&rdquo;&hellip;&hellip;早上六点，琼林苑食堂窗口处的工作人员准时上岗。虽然早上还比较凉爽，但食堂的工作间却是热浪滚滚，蒸锅里冒出的热气让超师傅的脸上蒙上了一层汗水，他随手抄起系在手臂上的毛巾擦了擦汗，又继续工作。超师傅是琼林苑的老员工了，他既是做早餐的白案师傅，又揽了中餐和晚餐菜肴烹饪的活。&ldquo;超师傅很辛苦，每天凌晨三点就起来准备早餐，像揉面之类的事情必须得提前准备。到了酷热的中午，这个高炉烘烤的厨房里至少也有50℃的高温，他还要在里面炒菜。我就没见他的衣服干爽过&rdquo;，负责琼林苑开门的李师傅这样说道。</span></div>\r\n<div style=\"line-height: 24px; text-indent: 24pt; margin: 7.8pt 0cm\"><span style=\"line-height: 24px; font-size: 12pt\">据食堂程经理介绍，今年暑期学校留校学生较多，食堂留下了三分之一的员工负责学生的饮食工作。&ldquo;今夏的暴雨洪灾使得市场上的菜价翻倍涨价，食堂几乎入不敷出，但是我们仍按照原来的标准服务在校学生。&rdquo;暑假高温期间，琼林苑每天会有西瓜、汽水等解暑食品推出，配合学校做好防暑工作。作为食堂的主要负责人，程经理除了每天值班外，还负责全程监督琼林苑三楼的施工，几乎没有休息日。</span></div>\r\n<div style=\"line-height: 24px; text-indent: 24.1pt; margin: 7.8pt 0cm\"><b><span style=\"line-height: 24px; font-size: 12pt\">镜头四：湖师大礼堂门前<span>&nbsp;&nbsp;</span>汗水谱写的奉献之歌</span></b></div>\r\n<div style=\"line-height: 24px; text-indent: 24pt; margin: 7.8pt 0cm\"><span style=\"line-height: 24px; font-size: 12pt\">夏天的暴雨来得快，去得也快，但却给后勤集团带来了保障排水管道畅通的工作重难点。下午2时，记者在二食堂前施工现场看到前面的排水管道已经破裂后的景象，施工人员正在全力挖出一道新沟渠。有一位姓杨的老师傅举着手里的工具，站在已经完成一半的管道&ldquo;沟渠&rdquo;里继续作业，他每挥动一下工具，汗水就会浸湿身上的衣服，但这位老人似乎已经习惯了跟骄阳打交道的日子，一边工作一边和身边的同事们聊着天。烈日下的他们神情是如此地惬意淡然。身边这位年过半百的肖师傅告诉记者，&ldquo;已经习惯了，上头给我们派了足够的凉水，不会太辛苦。炎炎夏日，他们辛勤而忙碌的身影，让广大同学的敬佩不已。他们在酷暑中，用自己的汗水，演绎着&ldquo;奉献&rdquo;之歌。</span></div>\r\n<div style=\"line-height: 24px; text-indent: 24pt; margin: 7.8pt 0cm\"><span style=\"line-height: 24px; font-size: 12pt\">在狂风暴雨和炙热骄阳的面前，后勤集团的脚步一步也没落下。风雨中，他们要仔细巡查校园，做好泥石流、滑坡的预警工作，检查校内各个管道的排水和湖水的泄洪情况，相当一部分工人几乎全天候加班。在几天的连绵大雨灌冲下，学校湖面水位猛涨，周景斌总经理两次率副总和员工，深入湖中，用人工办法排涝泄洪，而当骄阳高挂多日，他们又得下水堵口，确保正常水位。同时，还得安排员工四处巡视，做好消暑和防火工作。后勤集团书记梅友松说：&ldquo;后勤半边天，后勤无小事，后勤事事总关情。后勤摊子大，战线长，工作杂，任务重。特别是这个暑期，接受这么多的任务往年少有，碰上这么恶劣天气的侵袭近年少有，这个暑期时间这么短也是少有，而后勤员工也表现出少有的坚强和斗志，不少部门都在加班加点、抢时间抢进度、保质保量地开展各项工作。后勤员工真正是在&lsquo;5＋2、白＋黑、暴雨＋烈日&rsquo;情境下工作，他们很辛苦、很可爱、很感人。&rdquo;</span></div>\r\n<div style=\"line-height: 24px; text-indent: 24pt; margin: 7.8pt 0cm\"><span style=\"line-height: 24px; font-size: 12pt\">&ldquo;后勤不后，后勤很勤&rdquo;，他们的勤恳、勤劳，烈日下的花草在见证，他们用汗水积淀的美丽造就的和谐校园，成为校园精神的另一种写照，他们的朴实无华、他们的坚忍不拔让校园多了些实在，少了份空虚。也是他们，造就了夏日校园里的一道别样的风景。（施露）</span></div>', '1', '0', '2010-08-31', '施露', '8', '党委宣传部', '学校要闻', '一般新闻', null, '1');
INSERT INTO `news` VALUES ('43', '校团委获“湖北省大学生志愿服务西部计划优秀项目办”称号', '优秀项目办', '优秀项目办', '<p><span style=\"widows: 2; text-transform: none; text-indent: 0px; border-collapse: separate; font: medium Simsun; white-space: normal; orphans: 2; letter-spacing: normal; color: rgb(0,0,0); word-spacing: 0px; -webkit-border-horizontal-spacing: 0px; -webkit-border-vertical-spacing: 0px; -webkit-text-decorations-in-effect: none; -webkit-text-size-adjust: auto; -webkit-text-stroke-width: 0px\"> </span></p>\r\n<div style=\"line-height: 24px; text-indent: 24pt; margin: 6pt 0cm\"><span style=\"line-height: 24px; color: black; font-size: 12pt\">近日，记者从校团委获悉，在团省委发布的<span>2009年度《关于表彰湖北省大学生志愿服务西部计划优秀项目办、优秀（杰出）志愿者的决定》中，我校团委获&ldquo;湖北省大学生志愿服务西部计划优秀项目办&rdquo;称号。我校选派志愿者黄达之被授予&ldquo;湖北省大学生志愿服务西部计划优秀志愿者&rdquo;称号。</span></span></div>\r\n<div style=\"line-height: 24px; text-indent: 24pt; margin: 6pt 0cm\"><span style=\"line-height: 24px; color: black; font-size: 12pt\">此次团省委关于湖北省大学生志愿服务西部计划的表彰分为优秀项目办、杰出志愿者、优秀志愿者三类。在评选出的湖北省大学生志愿服务西部计划30个优秀项目办中，我校项目办与华中农业大学、中国地质大学（武汉）等13个高校项目办获&ldquo;高校优秀项目办&rdquo;称号。在40名湖北省大学生志愿服务西部计划优秀志愿者中，现服务于荆门市京山县项目办的我校09届政法学院毕业生黄达之获此荣誉。</span></div>\r\n<div style=\"line-height: 24px; text-indent: 24pt; margin: 6pt 0cm\"><span style=\"line-height: 24px; color: black; font-size: 12pt\">据了解，大学生志愿服务西部计划是由团中央、教育部、财政部、人事部自2003年起共同组织实施，以公开招募、自愿报名、组织选拔、集中派遣的方式，每年招募一定数量的普通高等学校应届毕业生，到西部贫困县的乡镇从事1-3年的支教、支医、支农、西部农村平安建设、灾后重建、基层青年等工作的专项行动。我校自2003年起开始实施此项工作，得到了广大毕业生的积极响应，七年来累计派出的志愿者已近百名，今年我校获得10个选派志愿者的名额。</span><span style=\"line-height: 24px; font-size: 12pt\">（记者 王丽）</span></div>', '1', '0', '2010-09-06', '222', '12', '党委宣传部', '学校要闻', '一般新闻', null, '2');
INSERT INTO `news` VALUES ('44', '校团委组织留校志愿者开展学习赵小亭先进事迹活动', '赵小婷', '赵小婷', '<p>&nbsp;</p>\r\n<div style=\"line-height: 24px; text-indent: 24pt; margin: 7.8pt 0cm\"><span style=\"line-height: 24px; color: black; font-size: 12pt\">7<span style=\"line-height: 24px; color: black; font-size: 12pt\">月31日</span><span style=\"line-height: 24px; color: black; font-size: 12pt\">下午，校团委在科技大楼505会议室组织召开学习赵小亭先进事迹座谈会，34名留校志愿者代表围绕武汉大学志愿者赵小亭支教途中不幸罹难的事件，集中讨论弘扬志愿者精神、强化志愿者服务意识、安全开展志愿活动等问题。</span></span></div>\r\n<div style=\"line-height: 24px; text-indent: 24pt; margin: 7.8pt 0cm\"><span style=\"line-height: 24px; color: black; font-size: 12pt\">会上，在团委老师刘晓光简要介绍赵小亭生平事迹及志愿者服务经历后，与会志愿者踊跃发言，就如何学习赵小亭先进事迹、怎样提高我校志愿者的服务热情、开展志愿者活动时应注意的安全问题等内容展开了讨论。贵州籍学生万德蓉从当地支教条件的艰苦、西部教育发展现状的角度阐述了赵小亭几度放弃假期休息时间，赴山区支教的志愿者奉献精神。90后志愿者程照从90后学生的责任感谈起，号召全体志愿者发扬赵小亭吃苦耐劳、甘于奉献的志愿服务精神。两次参加学校组织的暑期&ldquo;三下乡&rdquo;社会实践志愿者服务活动的唐安奎结合自身志愿者服务经验，对大学生如何安排假期生活、怎样开展有意义的志愿者活动提出了看法。校青协志愿者活动组织负责人张晓璇就在校志愿者开展活动时应注意的安全问题、如何对志愿者进行安全教育等方面提出了建议。</span></div>\r\n<div style=\"line-height: 24px; text-indent: 24pt; margin: 7.8pt 0cm\"><span style=\"line-height: 24px; color: black; font-size: 12pt\">校团委书记徐可在总结发言时指出，从赵小亭身上可以看到当代大学生志愿服务社会的可贵品质，他要求我校志愿者在学习赵小亭志愿服务精神的同时应吸取教训，安全开展志愿者活动。就我校志愿者服务工作，他提出四点具体要求：志愿者活动要诠释、弘扬，并传承&ldquo;奉献、友爱、互助、进步&rdquo;的志愿者精神；广大志愿者要把志愿者活动当作提升自我、锻炼能力的良好平台，全身心投入志愿服务活动中；在校大学生要争做优秀青年志愿者，以吃苦耐劳、积极进取的态度对待志愿者服务活动；学生干部要做好志愿者活动的组织工作，将安全问题放在首位，确保人身财产安全。</span></div>\r\n<div style=\"line-height: 24px; text-indent: 24pt; margin: 7.8pt 0cm\"><span style=\"line-height: 24px; color: black; font-size: 12pt\">据悉，赵小亭是武汉大学电气工程学院08级学生，在今年暑假前往贵州省贵定县马场河中心小学开展暑假支教志愿服务途中，被突然滚落的山石击中头部，不幸遇难，年仅21岁。赵小亭事件引起了社会的广泛关注，她个人先后被共青团中央、湖北省教育厅、共青团湖北省委追授为&ldquo;中国杰出青年志愿者&rdquo;、 &ldquo;湖北省优秀大学生&rdquo;、&ldquo;湖北省杰出大学生志愿者&rdquo;等称号。</span><span style=\"line-height: 24px; font-size: 12pt\">（记者 王丽）</span></div>', '1', '0', '2010-08-31', 'eee', '14', '党委宣传部', '学校要闻', '一般新闻', null, '3');
INSERT INTO `news` VALUES ('45', '校党委书记张国秀深入多院系进行调研', '3333', '333', '<p>&nbsp;</p>\r\n<table border=\"0\" width=\"95%\" cellspacing=\"0\" cellpadding=\"0\" id=\"table8\" style=\"font-family: 宋体; \">\r\n    <tbody>\r\n        <tr>\r\n            <td colspan=\"2\" height=\"350\" valign=\"top\" id=\"fontzoom\">\r\n            <p class=\"MsoNormal\" style=\"margin-top: 7.8pt; margin-right: 0cm; margin-bottom: 7.8pt; margin-left: 0cm; text-indent: 24pt; line-height: 24px; \"><span style=\"font-size: 12pt; line-height: 24px; font-family: 宋体; \">近日，校党委书记张国秀深入控制科学与工程系、数学与统计学院、教育科学学院、计算机科学与技术学院、音乐学院、政法学院、生命科学学院以及外国语学院等<span lang=\"EN-US\">10</span>个院系进行了调研。<span lang=\"EN-US\"><o:p></o:p></span></span></p>\r\n            <p class=\"MsoNormal\" style=\"margin-top: 7.8pt; margin-right: 0cm; margin-bottom: 7.8pt; margin-left: 0cm; text-indent: 24pt; line-height: 24px; \"><span style=\"font-size: 12pt; line-height: 24px; font-family: 宋体; \">张书记与各单位班子成员亲切座谈，就院系工作、&ldquo;十二五&rdquo;规划以及二级单位办学自主权等重要问题，广泛听取了各单位班子成员的汇报和建议。各单位班子成员汇报了单位的发展情况、面临的困难和问题，并结合自身实际，对学校管理体制提出了中肯的意见和建议。张书记还详细考察了各单位实验室、资料室等办学设施。<span lang=\"EN-US\"><o:p></o:p></span></span></p>\r\n            <p class=\"MsoNormal\" style=\"margin-top: 7.8pt; margin-right: 0cm; margin-bottom: 7.8pt; margin-left: 0cm; text-indent: 24pt; line-height: 24px; \"><span style=\"font-size: 12pt; line-height: 24px; font-family: 宋体; \">在调研中，各单位展现出强烈的发展愿望、高度的责任意识和良好的精神风貌。张书记充分肯定了各单位近年来所取得的成绩，并代表学校党委，对各单位班子成员和广大教职工心系学校、爱岗敬业，勇于克服困难、善于总结经验，开拓创新、锐意进取，为学校建设发展所作的贡献表示感谢。<span lang=\"EN-US\"><o:p></o:p></span></span></p>\r\n            <p class=\"MsoNormal\" style=\"margin-top: 7.8pt; margin-right: 0cm; margin-bottom: 7.8pt; margin-left: 0cm; text-indent: 24pt; line-height: 24px; \"><span style=\"font-size: 12pt; line-height: 24px; font-family: 宋体; \">针对存在的困难和问题，张书记着重强调，一要紧抓编制&ldquo;十二五&rdquo;规划契机，认真谋划未来五年发展，做到既要切合实际，又要鼓舞人心，并把规划落实到每年、每学期、每月及每周中；二要切实转变思维方式，牢固树立开放办学思想，强化合作意识和服务意识，充分发挥高校智力资源优势，大力引进社会资源，加强合作交流，在服务社会中不断发展；三要加强各项管理工作，真正做到管理工作目标化、责任化、精细化、规范化。张书记还表示，学校将认真研究各单位提出的意见和建议，根据实际情况进一步加强对各院系的分类管理和指导。</span></p>\r\n            </td>\r\n        </tr>\r\n        <tr>\r\n        </tr>\r\n    </tbody>\r\n</table>', '9', '0', '2010-08-30', '333', '1', '333', '教育论坛', '一般新闻', null, '3');
INSERT INTO `news` VALUES ('46', '我校处级干部交流调整工作进展顺利', '3333', '333', '<p>&nbsp;为进一步推进干部队伍革命化、年轻化、知识化、专业化，建设一支政治素质高、业务能力强、富有创新意识和开拓精神的干部队伍，<span lang=\"EN-US\">7</span>月份以来，在校党委的统一部署和安排下，我校对在职在岗的正、副处级干部进行了交流调整。</p>\r\n<p class=\"MsoNormal\" style=\"margin-top: 6pt; margin-right: 0cm; margin-bottom: 6pt; margin-left: 0cm; text-indent: 24pt; line-height: 24px; font-family: 宋体; \"><span style=\"font-size: 12pt; line-height: 24px; font-family: 宋体; \">根据《<span lang=\"EN-US\"><a title=\"新闻名称：湖北师范学院正处级干部交流调整方案\r\n上传时间：2010-7-5 10:29:21\r\n浏览指数：947\" href=\"http://www.zzb.hbnu.edu.cn/shownews.asp?news_id=129\" target=\"_blank\" style=\"color: rgb(11, 76, 142); line-height: 21px; text-decoration: none; \"><span lang=\"EN-US\" style=\"color: windowtext; text-decoration: none; \"><span lang=\"EN-US\">湖北师范<span lang=\"EN-US\">学<span lang=\"EN-US\">院正处级干部交流调整方案</span></span></span></span></a></span>》和《<span lang=\"EN-US\"><a title=\"新闻名称：在职在岗副处级干部交流轮岗方案\r\n上传时间：2010-7-16 11:13:52\r\n浏览指数：645\" href=\"http://www.zzb.hbnu.edu.cn/shownews.asp?news_id=135\" target=\"_blank\" style=\"color: rgb(11, 76, 142); line-height: 21px; text-decoration: none; \"><span lang=\"EN-US\" style=\"color: windowtext; text-decoration: none; \"><span lang=\"EN-US\">在职在岗副处级干部交流轮岗方案</span></span></a></span>》文件精神，学校依次对在职在岗的正、副处级干部进行了交流轮岗。截至目前，本次参加交流调整的处级干部共计<span lang=\"EN-US\">130</span>人，其中正处级<span lang=\"EN-US\">61</span>人，副处<span lang=\"EN-US\">69</span>人。根据学校交流轮岗工作的相关规定，经校党委讨论决定共有正处级<span lang=\"EN-US\">31</span>人交流轮岗，轮岗交流比例达到了<span lang=\"EN-US\">50.82%</span>；<span lang=\"EN-US\">6</span>名副处级干部在本次交流调整中提拔为正处级干部；<span lang=\"EN-US\">16</span>名副处级干部交流轮岗，轮岗交流比例为<span lang=\"EN-US\">23.19%</span>。<span lang=\"EN-US\"><o:p></o:p></span></span></p>\r\n<p class=\"MsoNormal\" style=\"margin-top: 6pt; margin-right: 0cm; margin-bottom: 6pt; margin-left: 0cm; text-indent: 24pt; line-height: 24px; font-family: 宋体; \"><span style=\"font-size: 12pt; line-height: 24px; font-family: 宋体; \">本次中层干部交流调整工作进展顺利，呈现三个特点：一是公开透明。学校通过召开动员大会、网上发布信息、下发红头文件等方式，将每个环节的实施方案、岗位职数进行公开，营造了公开透明、平等竞争的环境。二是民主推荐。学校及时公布空缺正处级岗位选任资格条件，鼓励优秀教授博士、年轻干部参与竞争。同时召开由党代会代表、教代会代表、教授博士代表、民主党派人士代表和教代会人事与干部考评工作委员会代表组成的推荐会，充分听取广大教职工的意见。三是及时高效。为了不影响学校各项工作的正常开展，学校规定报名时限，严格操作程序，干部交流调整工作全程接受纪委监督，并在两个工作日内完成交接，各项工作有序进行。</span></p>', '9', '0', '2010-08-30', '333', '19', '333', '教育论坛', '一般新闻', null, '2');
INSERT INTO `news` VALUES ('47', '关于申报2011年度“世界著名科学家来鄂讲学计划”项目的通知', '项目通知', '项目通知', '<div style=\"line-height: 150%; margin: 7.8pt 0cm\"><span style=\"line-height: 150%; font-size: 12pt\">各有关单位：</span></div>\r\n<div style=\"line-height: 150%; text-indent: 24pt; margin: 7.8pt 0cm\"><span style=\"line-height: 150%; font-size: 12pt\">为进一步扩大我校国际交流与合作，引进国外优质教育资源，提高学科专业建设水平，我校将在2011年度继续实施湖北省教育厅&ldquo;世界著名科学家来鄂讲学计划&rdquo;，聘请多名世界著名科学家来校讲学或进行短期访问，并进行科研等方面的合作，为相关学科专业建设作贡献。现将项目申报事项通知如下：</span></div>\r\n<div style=\"line-height: 150%; text-indent: 24pt; margin: 7.8pt 0cm\"><span style=\"line-height: 150%; font-size: 12pt\">1</span><span style=\"line-height: 150%; font-size: 12pt\">、申报工作应将重点放在邀请诺贝尔奖获得者或诺贝尔奖没有涵盖的其他学科领域世界级重大奖项获得者上，邀请学术水平高、符合学校学科专业建设需要的院士级以上的科学家和其他世界著名学者来校讲学。</span></div>\r\n<div style=\"line-height: 150%; text-indent: 24pt; margin: 7.8pt 0cm\"><span style=\"line-height: 150%; font-size: 12pt\">2</span><span style=\"line-height: 150%; font-size: 12pt\">、请各有关单位认真组织该项工作，迅速联系本学科领域的世界著名科学家（含外籍华人），整理其背景资料（教育经历、工作经历、职称、研究领域、研究成果等）,在9月20日之前报送对外合作与交流处（科技大楼行政办公区408室）。相关表格请到对外合作与交流处网站<a href=\"http://www.ied.hbnu.edu.cn/down.asp\"><span><span>资料下载<span>栏目</span></span></span>（点击进入）下载。</a></span></div>\r\n<div style=\"line-height: 150%; text-indent: 24pt; margin: 7.8pt 0cm\"><span style=\"line-height: 150%; font-size: 12pt\">3</span><span style=\"line-height: 150%; font-size: 12pt\">、本处按照各单位报送时间的先后为序确定立项。</span></div>\r\n<div style=\"line-height: 150%; text-indent: 24pt; margin: 7.8pt 0cm\"><span style=\"line-height: 150%; font-size: 12pt\">4</span><span style=\"line-height: 150%; font-size: 12pt\">、项目实施后，省厅将根据申报人选的具体情况给予资助。</span></div>\r\n<div style=\"line-height: 150%; text-indent: 24pt; margin: 7.8pt 0cm\"><span style=\"line-height: 150%; font-size: 12pt\">&nbsp;</span><span style=\"line-height: 150%; font-size: 12pt\">本计划项目经费的使用范围是：</span></div>\r\n<div style=\"line-height: 150%; text-indent: 24pt; margin: 7.8pt 0cm\"><span style=\"line-height: 150%; font-size: 12pt\">1</span><span style=\"line-height: 150%; font-size: 12pt\">）世界著名科学家的讲学费；</span></div>\r\n<div style=\"line-height: 150%; text-indent: 24pt; margin: 7.8pt 0cm\"><span style=\"line-height: 150%; font-size: 12pt\">2</span><span style=\"line-height: 150%; font-size: 12pt\">）世界著名科学家往返国际旅费、国内旅费、住宿费、生活费；</span></div>\r\n<div style=\"line-height: 150%; text-indent: 24pt; margin: 7.8pt 0cm\"><span style=\"line-height: 150%; font-size: 12pt\">3</span><span style=\"line-height: 150%; font-size: 12pt\">）其它接待费用。</span></div>\r\n<div style=\"line-height: 150%; text-indent: 24pt; margin: 7.8pt 0cm\"><span style=\"line-height: 150%; font-size: 12pt\">联系人：项军平</span></div>\r\n<div style=\"line-height: 150%; text-indent: 24pt; margin: 7.8pt 0cm\"><span style=\"line-height: 150%; font-size: 12pt\">联系电话：6574857 <span>&nbsp;&nbsp;(</span>科技大楼行政办公区408室)&nbsp;</span></div>\r\n<div style=\"line-height: 150%; text-indent: 84pt; margin: 7.8pt 0cm\"><span style=\"line-height: 150%; font-size: 12pt\">13117018388 </span></div>\r\n<div style=\"line-height: 150%; text-indent: 24pt; margin: 7.8pt 0cm\"><span style=\"line-height: 150%; font-size: 12pt\">&nbsp;&nbsp;&nbsp;&nbsp;&nbsp;&nbsp;&nbsp;&nbsp;&nbsp;&nbsp;&nbsp;&nbsp;&nbsp;&nbsp;&nbsp;&nbsp;&nbsp;&nbsp;&nbsp; </span></div>\r\n<div style=\"line-height: 150%; text-indent: 24pt; margin: 7.8pt 0cm\">&nbsp;</div>\r\n<div style=\"text-align: right; line-height: 150%; margin: 7.8pt 12pt 7.8pt 0cm\" align=\"right\"><span style=\"line-height: 150%; font-size: 12pt\">对外合作与交流处</span></div>\r\n<div style=\"text-align: right; line-height: 150%; margin: 7.8pt 0cm\" align=\"right\"><span style=\"line-height: 150%; font-size: 12pt\">二○一○年七月二十六日</span></div>', '1', '0', '2010-08-31', 'ym', '0', '党委宣传部', '学校要闻', '一般新闻', null, '20');
INSERT INTO `news` VALUES ('48', '关于举办西南大学学生通讯社第24届干部公聘的通知', '通知', '通知', '<p>各学院团委、全体在校学生：<br />\r\n&nbsp;&nbsp;&nbsp; 西南大学学生通讯社（简称学通社），隶属于共青团西南大学委员会，是主司校园新闻传媒工作的重要学生机构。临近学期结束，换届在即，本着为更多有致于加入我们的人提供机会，并促进学通社进一步发展的目的，经校团委批准，现面向全校招贤纳才，诚挚邀请各学院积极推荐优秀学子，并欢迎广大同学踊跃报名参加竞聘。<br />\r\n&nbsp;&nbsp;&nbsp; 公聘时间：6月13日下午<br />\r\n&nbsp;&nbsp;&nbsp; 公聘地点：学通社办公室（校团委阅览室）<br />\r\n&nbsp;&nbsp;&nbsp; 公聘职位：（1）社务会：副社长、社长助理<br />\r\n&nbsp;&nbsp;&nbsp;&nbsp;&nbsp;&nbsp;&nbsp;&nbsp;&nbsp;&nbsp;&nbsp;&nbsp;&nbsp; （2）各部门部长、副部长：常务部、新闻部、摄影部、调研部<br />\r\n&nbsp;&nbsp;&nbsp; 公聘方法：学院推荐须下载《西南大学学生通讯社第24届干部竞聘推荐表》（见附件一），个人参加公聘则须下载《西南大学第24届学生通讯社干部竞聘表》（见附件二），表格填写打印后于6月11日下午5：00前交到校团委阅览室，并携个人代表作品于6月13日参加现场竞聘。竞聘将分为面试、笔试两大环节。</p>\r\n<p>&nbsp;&nbsp;&nbsp;&nbsp;&nbsp;&nbsp;&nbsp;&nbsp;&nbsp;&nbsp;&nbsp;&nbsp;&nbsp;&nbsp;&nbsp;&nbsp;&nbsp;&nbsp;&nbsp;&nbsp;&nbsp;&nbsp;&nbsp;&nbsp;&nbsp;&nbsp;&nbsp;&nbsp;&nbsp;&nbsp;&nbsp;&nbsp;&nbsp;&nbsp;&nbsp;&nbsp;&nbsp;&nbsp;&nbsp;&nbsp;&nbsp;&nbsp;&nbsp;&nbsp;&nbsp;&nbsp;&nbsp; 共青团西南大学委员会<br />\r\n&nbsp;&nbsp;&nbsp;&nbsp;&nbsp;&nbsp;&nbsp;&nbsp;&nbsp;&nbsp;&nbsp;&nbsp;&nbsp;&nbsp;&nbsp;&nbsp;&nbsp;&nbsp;&nbsp;&nbsp;&nbsp;&nbsp;&nbsp;&nbsp;&nbsp;&nbsp;&nbsp;&nbsp;&nbsp;&nbsp;&nbsp;&nbsp;&nbsp;&nbsp;&nbsp;&nbsp;&nbsp;&nbsp;&nbsp;&nbsp;&nbsp;&nbsp;&nbsp;&nbsp;&nbsp;&nbsp;&nbsp;&nbsp; 西南大学学生通讯社<br />\r\n&nbsp;&nbsp;&nbsp;&nbsp;&nbsp;&nbsp;&nbsp;&nbsp;&nbsp;&nbsp;&nbsp;&nbsp;&nbsp;&nbsp;&nbsp;&nbsp;&nbsp;&nbsp;&nbsp;&nbsp;&nbsp;&nbsp;&nbsp;&nbsp;&nbsp;&nbsp;&nbsp;&nbsp;&nbsp;&nbsp;&nbsp;&nbsp;&nbsp;&nbsp;&nbsp;&nbsp;&nbsp;&nbsp;&nbsp;&nbsp;&nbsp;&nbsp;&nbsp;&nbsp;&nbsp;&nbsp;&nbsp;&nbsp; 二〇一〇年六月十日</p>\r\n<p>本文转自 盐亭劳动保障网:http://gqt.swu.edu.cn/new//bencandy.php?fid=84&amp;id=1808</p>', '1', '0', '2010-09-07', '点对点', '0', '得到', '学校要闻', '一般新闻', null, '20');
INSERT INTO `news` VALUES ('49', '2010年实验室建设研讨会召开', '2010年实验室建设研讨会召开', '2010年实验室建设研讨会召开', '<p>&nbsp;</p>\r\n<p><img alt=\"\" style=\"width: 527px; height: 688px\" src=\"/chnews/userfiles//image/100_7607.JPG\" />&nbsp;</p>', '6', '1', '2010-10-05', 'sss', '0', 'sss', '图片新闻', '图片新闻', '\"/chnews/userfiles//image/100_7607.JPG\"', '20');
INSERT INTO `news` VALUES ('50', '年实验室建设研讨会召开', '2010年实验室建设研讨会召开', '2010年实验室建设研讨会召开', '<p><img width=\"670\" height=\"502\" alt=\"\" src=\"/chnews/userfiles//image/20.jpg\" /></p>', '8', '1', '2010-08-31', 'aaa', '0', 'aaa', '美丽校园', '图片新闻', '\"/chnews/userfiles//image/20.jpg\"', '20');
INSERT INTO `news` VALUES ('51', '2010年实验室建设研讨会召开', '2010年实验室建设研讨会召开', '2010年实验室建设研讨会召开', '<p><img width=\"500\" height=\"332\" alt=\"\" src=\"/chnews/userfiles//image/23.jpg\" /></p>', '8', '1', '2010-08-30', 'ddd', '0', 'ddd', '美丽校园', '图片新闻', '\"/chnews/userfiles//image/23.jpg\"', '20');
INSERT INTO `news` VALUES ('52', '2010年实验室建设研讨会召开', '2010年实验室建设研讨会召开', '2010年实验室建设研讨会召开', '<p><img width=\"500\" height=\"332\" alt=\"\" src=\"/chnews/userfiles//image/23(1).jpg\" /></p>', '8', '1', '2010-09-06', 'xxx', '0', 'xx', '美丽校园', '图片新闻', '\"/chnews/userfiles//image/23(1).jpg\"', '20');
INSERT INTO `news` VALUES ('53', '2010年实验室建设研讨会召开', '2010年实验室建设研讨会召开', '2010年实验室建设研讨会召开', '<p><img width=\"800\" height=\"600\" alt=\"\" src=\"/chnews/userfiles//image/24.jpg\" /></p>\r\n<p>&nbsp;</p>', '8', '1', '2010-08-30', 'zzz', '1', 'zzz', '美丽校园', '图片新闻', '\"/chnews/userfiles//image/24.jpg\"', '20');
INSERT INTO `news` VALUES ('54', '3333333333333333', '33333333333333333333', '333333333', '<p>33333333333333333333333333</p>', '1', '0', '2010-08-31', '333', '0', '333333', '学校要闻', '一般新闻', null, '20');
INSERT INTO `news` VALUES ('55', 'test', 'test', 'errrrr', '<h3 style=\"color: red\">rrrrrrrrrrrrrrrrrrrrrrrrrrrrrrrrrrrrrrrrrrrrrrrrrrrrrr</h3>', '1', '0', '2010-08-30', 'rrr', '0', 'rrrrrrr', '学校要闻', '一般新闻', null, '20');
INSERT INTO `news` VALUES ('56', 'rrrrrrrrrrrrrrrr', 'rrrrrrrrrrrrrrrrrrrr', 'rrrrrrrrrrrrrr', '<p><span style=\"background-color: lime\">rrrrrrrrrrrrrrrrrrrrrrrrrrrrrrrrrrrrrrrrrrrrrrrr</span></p>', '1', '0', '2010-08-31', 'rrrrr', '0', 'rrrrrrrrrrrrr', '学校要闻', '一般新闻', null, '20');
INSERT INTO `users` VALUES ('7', 'rslee', '', '超级管理员');
INSERT INTO `users` VALUES ('8', 'sql', 'sql', '超级管理员');
INSERT INTO `users` VALUES ('12', 'admin', '21232F297A57A5A743894A0E4A801FC3', '超级管理员');
INSERT INTO `users` VALUES ('13', 'ym', 'CDCDB3BF0E1B87BF97D1A198210BEF3B', '超级管理员');
